step,x,y,theta,h0,h1,h2,h3,V0,V1,V2,V3,dVdx0,dVdy0,dVdt0,dVdx1,dVdy1,dVdt1,dVdx2,dVdy2,dVdt2,dVdx3,dVdy3,dVdt3
1,0.010142,0.021200,1.596763,-4.876222,-17.001589,-4.961020,-16.916790,-3.814899,-17.001589,-4.961020,-15.751613,-3.968357,-0.041725,3.968102,-8.020284,-2.042399,0.000000,-4.020284,-2.042399,0.000000,-7.968357,-0.041725,7.966754
2,0.010067,0.021294,1.596731,-4.875733,-17.001176,-4.960910,-16.915999,-3.814729,-17.001176,-4.960910,-15.751266,-3.968269,-0.041916,3.968021,-8.020133,-2.042589,0.000000,-4.020133,-2.042589,0.000000,-7.968269,-0.041916,7.966676
3,0.019027,0.046033,1.587764,-4.864024,-17.124265,-5.048156,-16.940133,-3.887851,-17.124265,-5.048156,-15.896092,-4.004121,-0.091778,4.005101,-8.038054,-2.092066,0.000000,-4.038054,-2.092066,0.000000,-8.004121,-0.091778,8.004526
4,0.019404,0.103468,1.651360,-4.759260,-17.250747,-5.173133,-16.836874,-3.646985,-17.250747,-5.173133,-15.402694,-3.877855,-0.200449,3.881409,-8.038807,-2.206936,0.000000,-4.038807,-2.206936,0.000000,-7.877855,-0.200449,7.868435
5,0.026856,0.209890,1.778417,-4.609918,-17.556903,-5.449479,-16.717342,-3.228034,-17.556903,-5.449479,-14.510927,-3.641447,-0.376829,3.640920,-8.053712,-2.419781,0.000000,-4.053712,-2.419781,0.000000,-7.641447,-0.376829,7.555016
6,0.029965,0.331611,1.879628,-4.445000,-17.891303,-5.771444,-16.564858,-2.937467,-17.891303,-5.771444,-13.841541,-3.452037,-0.568601,3.461543,-8.059929,-2.663222,0.000000,-4.059929,-2.663222,0.000000,-7.452037,-0.568601,7.272300
7,0.024298,0.421217,1.970023,-4.310273,-18.092332,-5.995140,-16.407465,-2.670022,-18.027402,-5.995140,-13.212390,-3.271184,-0.685157,3.280269,-7.850490,-3.312010,2.171269,-4.048596,-2.842434,0.000000,-7.271184,-0.685157,6.965716
8,-0.000514,0.520470,2.029732,-4.105393,-18.185216,-6.187272,-16.103337,-2.474051,-18.018253,-6.187272,-12.700017,-3.112983,-0.833988,3.160318,-7.636947,-3.773599,3.480707,-3.998972,-3.040940,0.000000,-7.112983,-0.833988,6.746416
9,-0.029002,0.606158,2.142242,-3.917446,-18.226071,-6.342078,-15.801440,-2.122885,-17.591280,-6.342078,-11.843484,-2.860299,-0.894555,2.889674,-7.080104,-4.552719,6.707076,-3.941997,-3.212316,0.000000,-6.860299,-0.894555,6.254153
10,-0.075153,0.693094,2.189826,-3.676729,-18.148495,-6.449106,-15.376118,-1.943049,-17.341292,-6.449106,-11.321458,-2.689205,-1.015073,2.779192,-6.805901,-4.851276,7.517487,-3.849695,-3.386189,0.000000,-6.689205,-1.015073,6.036960
11,-0.121125,0.779718,2.286940,-3.456196,-18.090570,-6.575070,-14.971696,-1.656970,-16.682793,-6.575070,-10.546548,-2.444789,-1.068123,2.545411,-6.444789,-5.068123,8.188705,-3.757750,-3.559437,0.000000,-6.444789,-1.068123,5.562783
12,-0.182453,0.862724,2.332894,-3.199821,-17.920903,-6.650716,-14.470008,-1.491398,-16.344278,-6.650716,-9.999824,-2.254213,-1.172227,2.440027,-6.254213,-5.172227,8.095345,-3.635093,-3.725448,0.000000,-6.254213,-1.172227,5.333585
13,-0.241869,0.938240,2.419014,-2.972340,-17.757825,-6.725300,-14.004865,-1.253094,-15.683451,-6.724032,-9.285207,-2.016057,-1.199122,2.232725,-6.016057,-5.199122,7.878421,-3.453000,-3.932255,0.220678,-6.016057,-1.199122,4.878009
14,-0.315963,1.009832,2.466423,-2.713579,-17.489057,-6.752907,-13.449729,-1.096748,-15.249945,-6.749452,-8.710496,-1.806874,-1.269725,2.120498,-5.806874,-5.269725,7.743021,-3.274555,-4.094546,0.314062,-5.806874,-1.269725,4.620619
15,-0.387480,1.076175,2.539567,-2.483523,-17.238300,-6.788221,-12.933602,-0.911755,-14.635027,-6.764732,-8.065075,-1.576660,-1.284976,1.951948,-5.576660,-5.284976,7.513962,-2.972062,-4.326174,0.805522,-5.576660,-1.284976,4.217202
16,-0.470973,1.136167,2.583883,-2.233966,-16.894742,-6.778633,-12.350075,-0.783431,-14.167309,-6.750813,-7.505663,-1.361116,-1.330823,1.849526,-5.361116,-5.330823,7.360381,-2.775003,-4.448891,0.874606,-5.361116,-1.330823,3.966504
17,-0.549992,1.192832,2.640515,-2.017207,-16.588567,-6.788535,-11.817239,-0.658966,-13.643550,-6.740847,-6.950737,-1.145885,-1.346406,1.731337,-5.145885,-5.346406,7.161083,-2.516955,-4.595467,1.144205,-5.145885,-1.346406,3.652822
18,-0.640927,1.242362,2.677070,-1.783318,-16.189058,-6.752767,-11.219610,-0.570355,-13.191939,-6.708463,-6.430505,-0.930075,-1.380717,1.651080,-4.930075,-5.380717,7.019207,-2.341826,-4.673296,1.100128,-4.930075,-1.380717,3.443066
19,-0.728037,1.293022,2.720165,-1.581251,-15.841187,-6.753337,-10.669101,-0.499633,-12.745800,-6.703751,-5.937460,-0.718914,-1.404170,1.575395,-4.718914,-5.404170,6.861673,-2.137512,-4.768232,1.163652,-4.718914,-1.404170,3.211649
20,-0.828686,1.336005,2.750986,-1.362377,-15.391654,-6.706396,-10.047635,-0.450081,-12.305629,-6.668892,-5.438612,-0.583843,-1.396215,1.439233,-4.493273,-5.433509,6.735059,-1.984670,-4.819404,1.008839,-4.493273,-1.433509,3.036346
21,-0.924356,1.380125,2.801553,-1.179004,-15.002079,-6.699504,-9.481579,-0.391767,-11.790662,-6.651007,-4.936066,-0.477813,-1.352293,1.272957,-4.265804,-5.427298,6.539288,-1.736051,-4.907153,1.146330,-4.265804,-1.427298,2.768322
22,-1.030092,1.416558,2.833195,-0.991742,-14.537605,-6.657972,-8.871374,-0.355401,-11.345031,-6.621625,-4.464670,-0.419546,-1.317416,1.103007,-4.034174,-5.440181,6.408022,-1.576709,-4.948787,0.989661,-4.034174,-1.440181,2.596738
23,-1.124894,1.451003,2.899683,-0.846714,-14.151151,-6.650727,-8.347138,-0.296768,-10.742685,-6.581837,-3.980442,-0.310250,-1.257306,0.960352,-3.808447,-5.381121,6.136777,-1.240549,-5.027762,1.359235,-3.808447,-1.381121,2.253248
24,-1.224402,1.477564,2.937765,-0.707119,-13.719767,-6.617374,-7.809512,-0.267717,-10.286499,-6.550791,-3.566568,-0.252896,-1.223484,0.828158,-3.592598,-5.359966,5.976220,-1.045789,-5.059594,1.333204,-3.592598,-1.359966,2.059024
25,-1.315003,1.504853,2.994141,-0.601597,-13.360997,-6.621008,-7.341587,-0.237516,-9.785292,-6.525183,-3.178208,-0.176305,-1.187004,0.724087,-3.391697,-5.303542,5.744294,-0.757606,-5.100663,1.596248,-3.391697,-1.303542,1.787699
26,-1.409241,1.523229,3.034448,-0.500265,-12.956216,-6.593179,-6.863302,-0.217860,-9.344077,-6.492348,-2.823404,-0.124778,-1.160116,0.620062,-3.192987,-5.260336,5.571628,-0.550084,-5.114372,1.633376,-3.192987,-1.260336,1.594565
27,-1.501486,1.546412,3.092085,-0.424582,-12.604285,-6.610230,-6.418637,-0.202871,-8.865410,-6.471929,-2.481813,-0.056457,-1.139427,0.537172,-2.999478,-5.191799,5.333874,-0.254164,-5.129631,1.909986,-2.999478,-1.191799,1.338775
28,-1.596860,1.559534,3.135249,-0.353100,-12.203798,-6.591237,-5.965662,-0.193434,-8.430085,-6.441548,-2.166576,-0.007132,-1.124137,0.449195,-2.806321,-5.131755,5.149453,-0.032504,-5.123976,1.982485,-2.806321,-1.131755,1.149533
29,-1.691691,1.576703,-3.088585,-0.305141,-11.845189,-6.611954,-5.538376,-0.190605,-7.962014,-6.414466,-1.867132,0.059298,-1.117544,0.378746,-2.619427,-5.047441,4.901567,0.270928,-5.106316,2.272423,-2.619427,-1.047441,0.907185
30,-1.790123,1.581854,-3.039826,-0.260103,-11.427028,-6.587520,-5.099611,-0.188331,-7.505553,-6.365598,-1.584501,0.113280,-1.109275,0.298724,-2.430102,-4.960526,4.687984,0.517541,-5.067992,2.399872,-2.430102,-0.960526,0.708679
31,-1.886939,1.589515,-2.976876,-0.237810,-11.048112,-6.595868,-4.690054,-0.194466,-7.029972,-6.308422,-1.327805,0.184560,-1.110765,0.234385,-2.253192,-4.851084,4.415962,0.831645,-5.003204,2.719223,-2.253192,-0.851084,0.470103
32,-1.985929,1.583952,-2.926690,-0.218698,-10.610790,-6.554506,-4.274982,-0.199586,-6.573240,-6.235529,-1.090440,0.242789,-1.108767,0.157379,-2.074148,-4.741400,4.190018,1.075436,-4.927023,2.848202,-2.074148,-0.741400,0.282029
33,-2.067319,1.576539,-2.848431,-0.214430,-10.251313,-6.520588,-3.945155,-0.203996,-6.061729,-6.058022,-0.911491,0.328423,-1.094583,0.115663,-1.950693,-4.575119,3.816211,1.436846,-4.759996,3.381655,-1.950693,-0.575119,-0.013130
34,-2.150662,1.554812,-2.784648,-0.208015,-9.824612,-6.427261,-3.605366,-0.205211,-5.573701,-5.862482,-0.752106,0.404855,-1.071015,0.063257,-1.824738,-4.410798,3.495194,1.709581,-4.584458,3.676953,-1.824738,-0.410798,-0.252682
35,-2.227310,1.533674,-2.713266,-0.213978,-9.439437,-6.348676,-3.304739,-0.213975,-5.109620,-5.633661,-0.636318,0.465486,-1.062387,0.006927,-1.726056,-4.236651,3.137005,1.992658,-4.365085,4.056521,-1.726056,-0.236651,-0.501644
36,-2.305078,1.495517,-2.667277,-0.216110,-8.977866,-6.198177,-2.995799,-0.216110,-4.682688,-5.444109,-0.527540,0.610155,-0.991034,0.000000,-1.610634,-4.077574,2.891808,2.154599,-4.198105,4.096091,-1.610634,-0.077574,-0.666614
37,-2.391901,1.458660,-2.612996,-0.241455,-8.508490,-6.076093,-2.673852,-0.241455,-4.251339,-5.263305,-0.433990,0.783802,-0.917319,0.000000,-1.489168,-3.908674,2.624180,2.342884,-4.006762,4.190101,-1.489168,0.091326,-0.829882
38,-2.480858,1.396909,-2.606194,-0.266261,-7.930463,-5.853896,-2.342828,-0.266261,-3.871611,-5.198935,-0.324713,0.961717,-0.793817,0.000000,-1.318153,-3.773449,2.572911,2.353985,-3.967934,3.734272,-1.318153,0.226551,-0.867350
39,-2.562517,1.340135,-2.536300,-0.309617,-7.420089,-5.670157,-2.059549,-0.309617,-3.392815,-4.915069,-0.308287,1.125034,-0.680270,0.000000,-1.230295,-3.542264,2.212888,2.553671,-3.691746,3.899265,-1.230295,0.457736,-1.076454
40,-2.660275,1.242171,-2.537997,-0.372110,-6.699694,-5.340794,-1.731010,-0.372110,-2.948361,-4.809255,-0.250103,1.320550,-0.484342,0.000000,-1.032850,-3.349129,2.171085,2.521033,-3.656694,3.238164,-1.032850,0.650871,-1.122115
41,-2.744882,1.122247,-2.486528,-0.447293,-5.956754,-4.936281,-1.467766,-0.447293,-2.380325,-4.443200,-0.328179,1.489763,-0.244494,0.000000,-0.924219,-3.026073,1.836658,2.603470,-3.388915,3.000867,-0.924219,0.973927,-1.335376
42,-2.824958,1.000134,-2.439975,-0.558055,-5.258760,-4.558591,-1.258224,-0.558055,-1.881779,-4.121813,-0.452573,1.649915,-0.000268,0.000000,-0.822486,-2.709360,1.538530,2.659490,-3.147119,2.723097,-0.977515,1.159631,-1.362747
43,-2.882789,0.891751,-2.384459,-0.668535,-4.704380,-4.235538,-1.137377,-0.668535,-1.481722,-3.802952,-0.593253,1.765579,0.216499,0.000000,-0.780805,-2.409820,1.215188,2.721638,-2.880016,2.606213,-1.162173,1.229784,-1.248123
44,-2.935662,0.771737,-2.370369,-0.805068,-4.149366,-3.892015,-1.062419,-0.805068,-1.153134,-3.573920,-0.697494,1.871325,0.456527,0.000000,-0.694559,-2.149447,1.057163,2.680165,-2.757244,2.168697,-1.262339,1.298644,-1.094050
45,-2.961115,0.667064,-2.339871,-0.912088,-3.735884,-3.580342,-1.067629,-0.912088,-0.895103,-3.300026,-0.834069,1.922229,0.665873,0.000000,-0.686830,-1.897018,0.825796,2.658662,-2.573251,1.958969,-1.405555,1.360401,-0.945340
46,-2.985590,0.556146,-2.333169,-1.045894,-3.328118,-3.270478,-1.103534,-1.045894,-0.676128,-3.072706,-0.959440,1.971180,0.887708,0.000000,-0.647541,-1.665894,0.682231,2.585457,-2.469055,1.589872,-1.504491,1.436756,-0.789685
47,-2.988954,0.464881,-2.317647,-1.141882,-3.045591,-3.001405,-1.186067,-1.141882,-0.521967,-2.838875,-1.099544,1.977907,1.070238,0.000000,-0.663431,-1.462097,0.506401,2.525651,-2.338073,1.387532,-1.622455,1.501938,-0.650321
48,-2.996035,0.367669,-2.335727,-1.269428,-2.755964,-2.740104,-1.285288,-1.269428,-0.392143,-2.651933,-1.228144,1.992070,1.264662,0.000000,-0.622956,-1.292477,0.445605,2.403311,-2.306909,0.989171,-1.676814,1.609617,-0.555698
49,-2.981880,0.292168,-2.332287,-1.342615,-2.583765,-2.511287,-1.415094,-1.342615,-0.308194,-2.444835,-1.378928,1.963761,1.415664,0.000000,-0.656237,-1.136720,0.309349,2.319516,-2.211151,0.826118,-1.773945,1.690810,-0.465791
50,-2.976688,0.210925,-2.355800,-1.454058,-2.391007,-2.297759,-1.547307,-1.454058,-0.231214,-2.270118,-1.520036,1.953376,1.578150,0.000000,-0.632969,-1.007079,0.264078,2.188425,-2.186616,0.514377,-1.813135,1.811824,-0.423362
51,-2.953052,0.150529,-2.343471,-1.507410,-2.297316,-2.109526,-1.695200,-1.507410,-0.188003,-2.084384,-1.680196,1.906105,1.698942,0.000000,-0.697789,-0.868965,0.106934,2.127639,-2.073814,0.471457,-1.922609,1.874643,-0.329452
52,-2.942893,0.092374,-2.331254,-1.590333,-2.188255,-1.959828,-1.818760,-1.590333,-0.148132,-1.939795,-1.813651,1.885786,1.815252,0.000000,-0.735708,-0.735706,-0.025948,2.081437,-1.979086,0.407640,-2.016635,1.917824,-0.196994
53,-2.943754,0.051847,-2.327882,-1.667166,-2.099537,-1.874553,-1.892151,-1.667166,-0.119615,-1.861033,-1.890942,1.887508,1.896307,0.000000,-0.738880,-0.650012,-0.090615,2.047174,-1.934720,0.327414,-2.055475,1.956647,-0.117795
54,-2.948707,0.019903,-2.320610,-1.738135,-2.022919,-1.817747,-1.943307,-1.738135,-0.097239,-1.807778,-1.943307,1.897414,1.960194,0.000000,-0.739581,-0.576174,-0.148573,2.031959,-1.895328,0.274289,-2.102586,1.960194,0.000000
55,-2.957961,-0.001331,-2.324016,-1.797853,-1.960685,-1.792529,-1.966009,-1.797853,-0.078155,-1.787095,-1.966009,1.915922,2.002662,0.000000,-0.716096,-0.538357,-0.154154,2.015520,-1.891115,0.201223,-2.084078,2.002662,0.000000
56,-2.965309,-0.021170,-2.323499,-1.852110,-1.906193,-1.767430,-1.990873,-1.852110,-0.062749,-1.764425,-1.990873,1.930618,2.042340,0.000000,-0.702154,-0.497972,-0.172043,2.008162,-1.874873,0.155818,-2.069382,2.042340,0.000000
57,-2.971326,-0.035076,-2.332868,-1.892355,-1.866750,-1.752052,-2.007053,-1.892355,-0.050246,-1.751499,-2.007053,1.942651,2.070151,0.000000,-0.676506,-0.483034,-0.155892,1.986824,-1.883565,0.087579,-2.057349,2.070151,0.000000
58,-2.975740,-0.052428,-2.334261,-1.937172,-1.824503,-1.727461,-2.034214,-1.937172,-0.038959,-1.727461,-2.034214,1.951479,2.104856,0.000000,-0.665664,-0.450255,-0.169587,1.951479,-1.895144,0.000000,-2.048521,2.104856,0.000000
59,-2.977595,-0.064415,-2.340554,-1.966171,-1.798131,-1.708510,-2.055793,-1.966171,-0.031374,-1.708510,-2.055793,1.955189,2.128831,0.000000,-0.652889,-0.435010,-0.166076,1.955189,-1.871169,0.000000,-2.044811,2.128831,0.000000
60,-2.979216,-0.082043,-2.338990,-2.007183,-1.762144,-1.679010,-2.090317,-2.007183,-0.023258,-1.679010,-2.090317,1.958433,2.164087,0.000000,-0.651893,-0.397579,-0.192567,1.958433,-1.835913,0.000000,-2.041567,2.164087,0.000000
61,-2.977975,-0.095090,-2.344920,-2.033157,-1.740897,-1.652797,-2.121257,-2.033157,-0.017840,-1.652797,-2.121257,1.955950,2.190180,0.000000,-0.645871,-0.379752,-0.196339,1.955950,-1.809820,0.000000,-2.044050,2.190180,0.000000
62,-2.977990,-0.118571,-2.340813,-2.085166,-1.698921,-1.610882,-2.173205,-2.085166,-0.010428,-1.610882,-2.173205,1.955980,2.237142,0.000000,-0.651725,-0.327060,-0.240191,1.955980,-1.762858,0.000000,-2.044020,2.237142,0.000000
63,-2.973903,-0.137072,-2.344079,-2.118919,-1.675020,-1.570633,-2.223306,-2.118919,-0.006527,-1.570633,-2.223306,1.947806,2.274143,0.000000,-0.655217,-0.294614,-0.263103,1.947806,-1.725857,0.000000,-2.052194,2.274143,0.000000
64,-2.973443,-0.176428,-2.340251,-2.209073,-1.609591,-1.503363,-2.315301,-2.209073,0.001978,-1.503363,-2.315301,1.946886,2.352855,0.000000,-0.661627,-0.210565,-0.328741,1.946886,-1.647145,0.000000,-2.053114,2.352855,0.000000
65,-2.978042,-0.211429,-2.334425,-2.301628,-1.543741,-1.455911,-2.389458,-2.301628,0.008941,-1.455911,-2.389458,1.956085,2.422858,0.000000,-0.660821,-0.132479,-0.385717,1.956085,-1.577142,0.000000,-2.043915,2.422858,0.000000
66,-2.987063,-0.275168,-2.311577,-2.477848,-1.428922,-1.377175,-2.529595,-2.477848,0.008035,-1.377175,-2.529595,1.974126,2.550336,0.000000,-0.676145,0.026220,-0.516651,1.974126,-1.449664,0.000000,-2.025874,2.550336,0.000000
67,-3.023354,-0.344827,-2.253081,-2.733313,-1.260590,-1.354004,-2.639899,-2.733313,-0.011902,-1.354004,-2.639899,2.046707,2.689655,0.000000,-0.692157,0.241923,-0.689756,2.046707,-1.310345,0.000000,-1.953293,2.689655,0.000000
68,-3.072565,-0.457959,-2.169464,-3.153541,-1.031444,-1.321704,-2.863281,-3.153541,-0.089902,-1.321704,-2.863281,2.145130,2.915919,0.000000,-0.766738,0.510994,-0.889516,2.145130,-1.084081,0.000000,-1.854870,2.915919,0.000000
69,-3.149696,-0.600459,-2.060190,-3.760771,-0.760149,-1.358934,-3.161986,-3.760771,-0.194101,-1.358934,-3.161986,2.299393,3.200919,0.000000,-0.993271,0.528975,-0.846641,2.299393,-0.799081,0.000000,-1.700607,3.200919,0.000000
70,-3.227725,-0.754921,-2.028930,-4.464557,-0.533973,-1.444872,-3.553658,-4.464557,-0.218843,-1.444872,-3.553658,2.455450,3.509843,0.000000,-1.047995,0.516794,-0.655949,2.455450,-0.490157,0.000000,-1.544550,3.509843,0.000000
71,-3.298060,-0.935690,-2.054972,-5.309356,-0.374356,-1.566595,-4.117117,-5.309356,-0.227164,-1.566595,-4.117117,2.596119,3.871381,0.000000,-1.046713,0.550497,-0.453729,2.596119,-0.128619,0.000000,-1.403881,3.871381,0.000000
72,-3.347188,-1.097849,-2.126185,-6.093388,-0.313237,-1.701991,-4.704634,-6.093388,-0.245080,-1.701991,-4.704634,2.694377,4.195698,0.000000,-1.030307,0.639367,-0.316572,2.694377,0.195698,0.000000,-1.305623,4.195698,0.000000
73,-3.380492,-1.241508,-2.199606,-6.807618,-0.319617,-1.841584,-5.285650,-6.807618,-0.291027,-1.841584,-5.285650,2.760984,4.483017,0.000000,-1.040129,0.756478,-0.217445,2.760984,0.483017,0.000000,-1.239016,4.483017,0.000000
74,-3.407662,-1.355823,-2.273709,-7.408915,-0.354974,-1.985623,-5.778266,-7.408915,-0.342572,-1.985623,-5.778266,2.815324,4.711646,0.000000,-1.041062,0.881146,-0.151503,2.815324,0.711646,0.000000,-1.184676,4.711646,0.000000
75,-3.454567,-1.470699,-2.413913,-8.097618,-0.396555,-2.214823,-6.279350,-8.097618,-0.387664,-2.214823,-6.279350,2.909134,4.941398,0.000000,-0.952231,1.064887,-0.132610,2.909134,0.941398,0.000000,-1.090866,4.941398,0.000000
76,-3.507559,-1.574253,-2.538588,-8.777010,-0.449765,-2.479999,-6.746776,-8.777010,-0.443324,-2.479999,-6.746776,3.015117,5.148506,0.000000,-0.854939,1.237980,-0.118682,3.015117,1.148506,0.000000,-0.984883,5.148506,0.000000
77,-3.616816,-1.680205,-2.604652,-9.675091,-0.487009,-2.954272,-7.207828,-9.675091,-0.487009,-2.954272,-7.207828,3.233631,5.360410,0.000000,-0.766369,1.360410,0.000000,3.233631,1.360410,0.000000,-0.766369,5.360410,0.000000
78,-3.766730,-1.790337,-2.751136,-10.784816,-0.556547,-3.623468,-7.717895,-10.784816,-0.556547,-3.623468,-7.717895,3.533461,5.580674,0.000000,-0.466539,1.580674,0.000000,3.533461,1.580674,0.000000,-0.466539,5.580674,0.000000
79,-3.954318,-1.882885,-2.831887,-12.007882,-0.659072,-4.476343,-8.190611,-12.007882,-0.659072,-4.476343,-8.190611,3.908635,5.765770,0.000000,-0.091365,1.765770,0.000000,3.908635,1.765770,0.000000,-0.091365,5.765770,0.000000
80,-4.136950,-1.946766,-2.884568,-13.127488,-0.792622,-5.340423,-8.579686,-13.127488,-0.792622,-5.340423,-8.579686,4.273901,5.893532,0.000000,0.273901,1.893532,0.000000,4.273901,1.893532,0.000000,0.273901,5.893532,0.000000
81,-4.283922,-1.982245,-2.951579,-13.987582,-0.922916,-6.058602,-8.851896,-13.987582,-0.922916,-6.058602,-8.851896,4.567843,5.964490,0.000000,0.567843,1.964490,0.000000,4.567843,1.964490,0.000000,0.567843,5.964490,0.000000
82,-4.429371,-2.012997,-3.000903,-14.857494,-1.088022,-6.805506,-9.140010,-14.857494,-1.088022,-6.805506,-9.140010,4.858742,6.025994,0.000000,0.858742,2.025994,0.000000,4.858742,2.025994,0.000000,0.858742,6.025994,0.000000
83,-4.590102,-2.032936,-3.042760,-15.784833,-1.292678,-7.653088,-9.424424,-15.784833,-1.292678,-7.653088,-9.424424,5.180205,6.065873,0.000000,1.180205,2.065873,0.000000,5.180205,2.065873,0.000000,1.180205,6.065873,0.000000
84,-4.727377,-2.045566,-3.133326,-16.591559,-1.499786,-8.409295,-9.682050,-16.591559,-1.499786,-8.409295,-9.682050,5.454755,6.091132,0.000000,1.454755,2.091132,0.000000,5.454755,2.091132,0.000000,1.454755,6.091132,0.000000
85,-4.876276,-2.044266,3.070624,-17.418021,-1.735852,-9.240956,-9.912917,-17.418021,-1.735852,-9.240956,-9.912917,5.752552,6.088533,0.000000,1.752552,2.088533,0.000000,5.752552,2.088533,0.000000,1.752552,6.088533,0.000000
86,-5.000159,-2.037005,2.926785,-18.101857,-1.953199,-9.953835,-10.101220,-18.101857,-1.953199,-9.953835,-10.101220,6.000318,6.074011,0.000000,2.000318,2.074011,0.000000,6.000318,2.074011,0.000000,2.000318,6.074011,0.000000
87,-5.154855,-1.998098,2.890411,-18.819203,-2.207390,-10.826811,-10.199783,-18.819203,-2.207390,-10.826811,-10.199783,6.309710,5.996196,0.000000,2.309710,1.996196,0.000000,6.309710,1.996196,0.000000,2.309710,5.996196,0.000000
88,-5.307769,-1.934875,2.792501,-19.432328,-2.461751,-11.692827,-10.201253,-19.432328,-2.461751,-11.692827,-10.201253,6.615538,5.869751,0.000000,2.615538,1.869751,0.000000,6.615538,1.869751,0.000000,2.615538,5.869751,0.000000
89,-5.465310,-1.848101,2.720961,-19.997558,-2.743911,-12.605153,-10.136316,-19.997558,-2.743911,-12.605153,-10.136316,6.930621,5.696203,0.000000,2.930621,1.696203,0.000000,6.930621,1.696203,0.000000,2.930621,5.696203,0.000000
90,-5.625430,-1.763860,2.566172,-20.660164,-3.103005,-13.604726,-10.158443,-20.660164,-3.103005,-13.604726,-10.138742,7.250860,5.527719,0.000000,3.250860,1.527719,0.000000,7.250860,1.527719,0.000000,3.487047,5.374518,-0.901805
91,-5.791423,-1.655478,2.521489,-21.303948,-3.516347,-14.682038,-10.138257,-21.303948,-3.516347,-14.682038,-10.130947,7.582846,5.310955,0.000000,3.582846,1.310955,0.000000,7.582846,1.310955,0.000000,3.719476,5.213392,-0.537597
92,-5.899931,-1.559147,2.456872,-21.636200,-3.799885,-15.399611,-10.036474,-21.636200,-3.799885,-15.399611,-10.014905,7.799863,5.118294,0.000000,3.799863,1.118294,0.000000,7.799863,1.118294,0.000000,4.027894,4.932107,-0.937309
93,-6.002591,-1.433638,2.420593,-21.820832,-4.075914,-16.086280,-9.810467,-21.820832,-4.075914,-16.086280,-9.800007,8.005183,4.867276,0.000000,4.005183,0.867276,0.000000,8.005183,0.867276,0.000000,4.157442,4.733465,-0.638513
94,-6.132412,-1.292551,2.260211,-22.210123,-4.510269,-17.039918,-9.680474,-22.210123,-4.510269,-17.039918,-9.510254,8.264825,4.585103,0.000000,4.264825,0.585103,0.000000,8.264825,0.585103,0.000000,4.789694,3.948398,-2.561006
95,-6.252845,-1.144270,2.175862,-22.562080,-4.973622,-17.985001,-9.550702,-22.562080,-4.973622,-17.985001,-9.318250,8.505689,4.288540,0.000000,4.505689,0.288540,0.000000,8.505689,0.288540,0.000000,5.054178,3.495466,-2.962780
96,-6.325090,-1.038279,2.083257,-22.738486,-5.285008,-18.585368,-9.438126,-22.738486,-5.285008,-18.585368,-9.033126,8.650180,4.076559,0.000000,4.650180,0.076559,0.000000,8.650180,0.076559,0.000000,5.274260,2.967269,-3.851249
97,-6.382074,-0.903543,2.053173,-22.703547,-5.561079,-19.089373,-9.175253,-22.703547,-5.561079,-19.089373,-8.837309,8.764147,3.807087,0.000000,4.764147,-0.192913,0.000000,8.764147,-0.192913,0.000000,5.303488,2.777094,-3.480179
98,-6.442254,-0.768422,1.906602,-22.738442,-5.895735,-19.664752,-8.969424,-22.696092,-5.895735,-19.664752,-8.221465,9.020107,3.148337,-1.965645,4.884509,-0.463155,0.000000,8.884509,-0.463155,0.000000,5.454257,1.904443,-4.994296
99,-6.489676,-0.616530,1.832504,-22.647855,-6.223034,-20.181736,-8.689152,-22.487958,-6.223034,-20.181736,-7.847608,9.186268,2.460550,-3.802806,4.979351,-0.766941,0.000000,8.979351,-0.766941,0.000000,5.454655,1.458549,-5.186298
100,-6.519772,-0.484134,1.710391,-22.508493,-6.492869,-20.571957,-8.429405,-21.801530,-6.492869,-20.571957,-7.191221,9.273494,1.303246,-7.872736,5.039544,-1.031732,0.000000,9.039544,-1.031732,0.000000,5.317827,0.987723,-5.403531
101,-6.533640,-0.337362,1.645217,-22.219928,-6.735921,-20.870481,-8.085368,-21.226781,-6.735921,-20.870481,-6.794812,9.215985,0.680259,-9.241054,5.067280,-1.325277,0.000000,9.067280,-1.325277,0.000000,5.215985,0.680259,-5.252126
102,-6.541625,-0.202469,1.519343,-21.949791,-6.973415,-21.139916,-7.783290,-20.080882,-6.973415,-21.139916,-6.120102,8.980390,0.407585,-8.947543,5.083251,-1.595062,0.000000,9.083251,-1.595062,0.000000,4.980390,0.407585,-4.952837
103,-6.523540,-0.038921,1.464596,-21.419274,-7.169430,-21.263591,-7.325113,-19.394145,-7.169430,-21.263591,-5.723985,8.835080,0.089109,-8.775858,5.047081,-1.922159,0.000000,9.047081,-1.922159,0.000000,4.835080,0.089109,-4.798394
104,-6.480987,0.104424,1.406710,-20.758798,-7.252548,-21.176495,-6.834851,-18.527755,-7.252548,-21.176495,-5.257213,8.635271,-0.181984,-8.549009,4.961973,-2.208848,0.000000,8.961973,-2.208848,0.000000,4.635271,-0.181984,-4.602737
105,-6.433618,0.231656,1.334248,-20.124823,-7.316973,-21.051445,-6.390350,-17.552903,-7.316973,-21.051445,-4.755825,8.398539,-0.407617,-8.260186,4.867236,-2.463311,0.000000,8.867236,-2.463311,0.000000,4.398539,-0.407617,-4.371576
106,-6.395006,0.375677,1.169347,-19.583353,-7.506039,-21.086062,-6.003331,-15.999255,-7.506039,-20.882608,-3.982246,8.008505,-0.592345,-7.603253,4.790011,-2.751354,0.000000,8.437506,-3.581748,-4.134519,4.008505,-0.592345,-3.921271
107,-6.329330,0.527328,1.121999,-18.844019,-7.636010,-20.953331,-5.526698,-15.235455,-7.636010,-20.700983,-3.653663,7.790896,-0.856596,-7.391023,4.658660,-3.054656,0.000000,8.222746,-3.959847,-4.584654,3.790896,-0.856596,-3.787144
108,-6.259418,0.637039,1.017169,-18.151886,-7.662368,-20.700042,-5.114212,-14.055401,-7.662368,-19.982637,-3.120831,7.467285,-0.975324,-6.864647,4.518837,-3.274078,0.000000,7.628406,-4.714656,-7.593697,3.467285,-0.975324,-3.462155
109,-6.174999,0.731745,0.980981,-17.380077,-7.607061,-20.307056,-4.680081,-13.289879,-7.607061,-19.527363,-2.814715,7.237582,-1.125576,-6.640798,4.349998,-3.463490,0.000000,7.367629,-4.931270,-7.829195,3.237582,-1.125576,-3.316625
110,-6.103664,0.805232,0.825098,-16.755492,-7.561763,-19.976418,-4.340836,-11.900781,-7.551531,-18.060163,-2.200067,6.850357,-1.079691,-5.764923,4.071455,-3.757576,-0.554760,6.850357,-5.079691,-8.478864,2.850357,-1.079691,-2.826467
111,-5.995206,0.878642,0.813908,-15.853896,-7.387640,-19.368463,-3.873074,-11.190731,-7.387640,-17.613203,-1.956558,6.617086,-1.211236,-5.642175,3.990411,-3.757283,0.000000,6.617086,-5.211236,-8.388825,2.617086,-1.211236,-2.734270
112,-5.878305,0.931162,0.702340,-14.923488,-7.134915,-18.648135,-3.410268,-9.913675,-7.100231,-16.222345,-1.453786,6.229945,-1.154335,-4.905722,3.472451,-4.102807,-1.000458,6.229945,-5.154335,-7.959052,2.229945,-1.154335,-2.321699
113,-5.761370,0.979614,0.667098,-14.025824,-6.898798,-17.944280,-2.980342,-9.090576,-6.873524,-15.483865,-1.187577,5.951499,-1.196645,-4.622351,3.272775,-4.156087,-0.841578,5.951499,-5.196645,-7.764834,1.951499,-1.196645,-2.147518
114,-5.667291,1.021591,0.558833,-13.326988,-6.744189,-17.413352,-2.657825,-8.131079,-6.627354,-14.338231,-0.853413,5.638833,-1.103576,-3.925386,2.754951,-4.405639,-1.776097,5.638833,-5.103576,-7.316884,1.638833,-1.103576,-1.804598
115,-5.571026,1.061587,0.509645,-12.633518,-6.595763,-16.879866,-2.349415,-7.459188,-6.462104,-13.657007,-0.666756,5.396216,-1.098909,-3.591897,2.503784,-4.479898,-1.876267,5.396216,-5.098909,-7.083567,1.396216,-1.098909,-1.640426
116,-5.483686,1.111644,0.448719,-12.026033,-6.537865,-16.472609,-2.091289,-6.845271,-6.360834,-13.027095,-0.514541,5.165365,-1.090912,-3.223712,2.209178,-4.588341,-2.142660,5.165365,-5.090912,-6.827726,1.165365,-1.090912,-1.488465
117,-5.394653,1.155677,0.412430,-11.425405,-6.469500,-16.048113,-1.846793,-6.330188,-6.298405,-12.556242,-0.416173,4.957007,-1.113027,-3.006650,2.031401,-4.642955,-2.096268,4.957007,-5.113027,-6.671248,0.957007,-1.113027,-1.403303
118,-5.311110,1.208370,0.380210,-10.884369,-6.473406,-15.717847,-1.639928,-5.889720,-6.315066,-12.207659,-0.359627,4.765047,-1.158969,-2.844585,1.883214,-4.712087,-2.019234,4.765047,-5.158969,-6.558932,0.765047,-1.158969,-1.360124
119,-5.223223,1.252280,0.349222,-10.330310,-6.446541,-15.339431,-1.437419,-5.445621,-6.303103,-11.823411,-0.311287,4.567167,-1.188895,-2.679866,1.734703,-4.763740,-1.920076,4.567167,-5.188895,-6.438423,0.567167,-1.188895,-1.311198
120,-5.136184,1.304219,0.324150,-9.805697,-6.477839,-15.022573,-1.260963,-5.053772,-6.360112,-11.544660,-0.300575,4.376524,-1.245444,-2.574519,1.621875,-4.827004,-1.747207,4.376524,-5.245444,-6.366207,0.415820,-1.232240,-1.273551
121,-5.038694,1.346380,0.298519,-9.231143,-6.461884,-14.616662,-1.076365,-4.626282,-6.370272,-11.188220,-0.282703,4.165843,-1.280969,-2.449511,1.498821,-4.870793,-1.542463,4.165843,-5.280969,-6.272603,0.373496,-1.217071,-1.134794
122,-4.945695,1.389031,0.250049,-8.705961,-6.479306,-14.262084,-0.923183,-4.190325,-6.373607,-10.736253,-0.250751,3.953588,-1.272964,-2.211696,1.261380,-4.938962,-1.657275,3.953588,-5.272964,-6.087298,0.302205,-1.183930,-1.002069
123,-4.845999,1.422615,0.218252,-8.155814,-6.462279,-13.846275,-0.771818,-3.781858,-6.371452,-10.338415,-0.232440,3.739443,-1.278278,-2.057633,1.103555,-4.975738,-1.535980,3.739443,-5.278278,-5.962742,0.258002,-1.163270,-0.875090
124,-4.754312,1.457954,0.166983,-7.673456,-6.488024,-13.505272,-0.656208,-3.393684,-6.375605,-9.890330,-0.210379,3.536442,-1.248323,-1.818744,0.847369,-5.027364,-1.709406,3.536442,-5.248323,-5.763107,0.191793,-1.137862,-0.770471
125,-4.661965,1.483825,0.124039,-7.197644,-6.485084,-13.132943,-0.549784,-3.034336,-6.362879,-9.464519,-0.193351,3.339296,-1.215092,-1.618897,0.630142,-5.054150,-1.780507,3.339296,-5.215092,-5.588165,0.139063,-1.115378,-0.671059
126,-4.572675,1.515104,0.076750,-6.761488,-6.531203,-12.821903,-0.470788,-2.710277,-6.388210,-9.077390,-0.188303,3.151238,-1.183557,-1.421693,0.391289,-5.088195,-1.929749,3.151238,-5.183557,-5.409918,0.085492,-1.111712,-0.592612
127,-4.482182,1.535552,0.030058,-6.325544,-6.539024,-12.467753,-0.396816,-2.395612,-6.374380,-8.658033,-0.179781,2.965268,-1.131210,-1.219815,0.153205,-5.095493,-2.068496,2.965268,-5.131210,-5.218008,0.033047,-1.099106,-0.512271
128,-4.391556,1.561414,-0.017523,-5.912225,-6.591659,-12.157882,-0.346002,-2.110174,-6.401235,-8.285744,-0.184934,2.783419,-1.087785,-1.038848,-0.089507,-5.107536,-2.229149,2.783419,-5.087785,-5.038234,-0.019430,-1.108764,-0.445051
129,-4.298791,1.575214,-0.067626,-5.492810,-6.598503,-11.793666,-0.297647,-1.827998,-6.375599,-7.858556,-0.184093,2.602153,-1.015279,-0.837119,-0.344513,-5.086621,-2.407031,2.602153,-5.015279,-4.827976,-0.074837,-1.104886,-0.373177
130,-4.203688,1.593149,-0.122459,-5.085567,-6.643409,-11.458161,-0.270814,-1.566286,-6.374128,-7.450270,-0.195399,2.422354,-0.941992,-0.639040,-0.622698,-5.059521,-2.645313,2.422354,-4.941992,-4.609085,-0.137739,-1.119208,-0.309669
131,-4.106558,1.598171,-0.168150,-4.672896,-6.639348,-11.065580,-0.246663,-1.318982,-6.347875,-7.042231,-0.204571,2.241324,-0.861624,-0.474366,-0.851420,-5.015634,-2.746590,2.241324,-4.861624,-4.417950,-0.191327,-1.127687,-0.234611
132,-4.017575,1.602476,-0.239299,-4.311088,-6.650690,-10.720992,-0.240786,-1.105322,-6.248837,-6.567137,-0.215223,2.092142,-0.730908,-0.214196,-1.196558,-4.904447,-3.200212,2.092142,-4.730908,-4.100213,-0.275701,-1.129112,-0.185948
133,-3.930221,1.592118,-0.287405,-3.953857,-6.601443,-10.322327,-0.232972,-0.916071,-6.155411,-6.150684,-0.222787,1.942477,-0.617307,-0.041364,-1.420479,-4.805609,-3.346719,1.942477,-4.617307,-3.877295,-0.331129,-1.127609,-0.117384
134,-3.853974,1.582153,-0.368864,-3.653621,-6.566338,-9.982233,-0.237726,-0.775281,-5.934622,-5.661671,-0.232232,1.842472,-0.443195,0.250929,-1.774835,-4.591127,-3.912471,1.842472,-4.443195,-3.480022,-0.428562,-1.111537,-0.087175
135,-3.780245,1.556381,-0.406807,-3.356332,-6.460875,-9.581855,-0.235352,-0.646121,-5.805282,-5.288928,-0.235261,1.723712,-0.321403,0.386864,-1.926909,-4.471930,-3.943185,1.723712,-4.321403,-3.286692,-0.471698,-1.098894,-0.020956
136,-3.702036,1.534546,-0.493736,-3.060166,-6.390207,-9.198350,-0.252022,-0.555985,-5.508818,-4.798492,-0.252022,1.642935,-0.121254,0.671846,-2.247356,-4.180299,-4.450448,1.642935,-4.121254,-2.850427,-0.595928,-1.069092,0.000000
137,-3.623929,1.492182,-0.514569,-2.756888,-6.229898,-8.725614,-0.261172,-0.445148,-5.421375,-4.445235,-0.261172,1.506848,-0.000044,0.741572,-2.319456,-4.098247,-4.239273,1.506848,-4.000044,-2.740448,-0.752142,-0.984363,0.000000
138,-3.530756,1.451504,-0.607164,-2.424571,-6.107559,-8.230585,-0.301545,-0.395041,-5.080947,-3.918894,-0.301545,1.418974,0.238073,1.005104,-2.581026,-3.761927,-4.562136,1.418974,-3.761927,-2.279975,-0.938487,-0.903007,0.000000
139,-3.429240,1.372995,-0.589141,-2.059353,-5.834374,-7.551335,-0.342392,-0.268252,-5.122023,-3.537647,-0.342392,1.195644,0.365303,0.968075,-2.544686,-3.808238,-3.864938,1.195644,-3.634697,-2.357599,-1.141520,-0.745991,0.000000
140,-3.381603,1.293286,-0.680869,-1.872345,-5.519073,-7.045487,-0.345931,-0.356033,-4.591726,-3.011302,-0.345931,1.209155,0.672365,1.283570,-2.725343,-3.380698,-4.159379,1.209155,-3.327635,-1.824534,-1.236793,-0.586571,0.000000
141,-3.308096,1.172352,-0.712568,-1.618320,-5.075345,-6.307728,-0.385937,-0.413326,-4.271307,-2.487617,-0.385937,1.102821,0.962854,1.449579,-2.742135,-3.171104,-3.762783,1.102821,-3.037146,-1.577162,-1.383808,-0.344704,0.000000
142,-3.246832,1.036901,-0.829098,-1.433451,-4.593729,-5.581056,-0.446124,-0.677445,-3.607615,-1.892778,-0.446124,1.319327,1.207933,1.554773,-2.857419,-2.599157,-3.862676,1.142581,-2.599157,-0.913386,-1.506337,-0.073802,0.000000
143,-3.196944,0.907388,-0.826134,-1.318752,-4.160527,-4.948304,-0.530976,-0.766557,-3.423881,-1.520841,-0.530976,1.386673,1.278033,1.401311,-2.768965,-2.553103,-3.231206,1.038441,-2.344143,-0.825098,-1.606112,0.185224,0.000000
144,-3.166252,0.794521,-0.893234,-1.279865,-3.792943,-4.457951,-0.614857,-0.953791,-3.026555,-1.199479,-0.614857,1.616554,1.300738,1.184822,-2.764892,-2.225203,-3.106399,1.078714,-2.030836,-0.432692,-1.667496,0.410957,0.000000
145,-3.128824,0.666865,-0.812168,-1.262722,-3.414887,-3.930182,-0.747427,-0.976748,-3.042212,-0.957531,-0.747427,1.521888,1.442514,1.121350,-2.582273,-2.447593,-2.172016,0.881793,-1.882170,-0.654807,-1.742353,0.666270,0.000000
146,-3.124317,0.560941,-0.837383,-1.334362,-3.080857,-3.578125,-0.837094,-1.152499,-2.752044,-0.753642,-0.837094,1.677689,1.511738,0.963069,-2.519075,-2.269898,-1.944417,0.909815,-1.636094,-0.419321,-1.751366,0.878118,0.000000
147,-3.104330,0.450302,-0.766213,-1.399213,-2.783101,-3.200420,-0.981893,-1.227362,-2.653293,-0.597677,-0.981893,1.611260,1.674302,0.963275,-2.310546,-2.400947,-1.200533,0.767576,-1.513781,-0.558496,-1.791340,1.099396,0.000000
148,-3.109983,0.366518,-0.820679,-1.510861,-2.537002,-2.976933,-1.070930,-1.424870,-2.382546,-0.464015,-1.070930,1.820154,1.696031,0.729529,-2.315882,-2.157979,-1.244056,0.856515,-1.269819,-0.239033,-1.780035,1.266964,0.000000
149,-3.104047,0.278793,-0.762390,-1.616559,-2.315543,-2.731731,-1.200372,-1.526361,-2.260198,-0.368464,-1.200372,1.773711,1.857254,0.771282,-2.132216,-2.232587,-0.726369,0.761718,-1.176282,-0.324591,-1.791906,1.442414,0.000000
150,-3.117133,0.217848,-0.820927,-1.737249,-2.140107,-2.608639,-1.268717,-1.701521,-2.056306,-0.303502,-1.268717,1.976765,1.840786,0.510271,-2.160314,-2.012031,-0.854577,0.871180,-0.972139,-0.025043,-1.765734,1.564305,0.000000
151,-3.116407,0.155158,-0.801696,-1.837623,-1.992626,-2.458255,-1.371994,-1.808923,-1.946189,-0.245310,-1.371994,1.997190,1.933117,0.470836,-2.066919,-2.000649,-0.619860,0.841837,-0.873242,-0.002439,-1.767185,1.689684,0.000000
152,-3.105275,0.110685,-0.821987,-1.890013,-1.911655,-2.332755,-1.468914,-1.879811,-1.869844,-0.200731,-1.468914,2.074433,1.925090,0.282930,-2.067782,-1.921888,-0.577094,0.849016,-0.756370,0.106993,-1.789450,1.778629,0.000000
153,-3.090324,0.070640,-0.819053,-1.930016,-1.851281,-2.212576,-1.568721,-1.925635,-1.825397,-0.159179,-1.568721,2.090327,1.955334,0.189281,-2.039207,-1.906105,-0.449319,0.814821,-0.680281,0.130654,-1.819352,1.858720,0.000000
154,-3.071756,0.041885,-0.822638,-1.944145,-1.824661,-2.111686,-1.657121,-1.943627,-1.807205,-0.126191,-1.657121,2.100917,1.962122,0.089997,-2.036769,-1.889536,-0.368130,0.782933,-0.617884,0.153505,-1.856488,1.916230,0.000000
155,-3.057164,0.015778,-0.817522,-1.963789,-1.798244,-2.026901,-1.735132,-1.963789,-1.789011,-0.098710,-1.735132,2.114329,1.968444,0.000000,-2.015244,-1.893380,-0.261894,0.746266,-0.572650,0.152656,-1.885671,1.968444,0.000000
156,-3.043231,-0.002831,-0.816327,-1.971500,-1.787254,-1.960177,-1.798577,-1.971500,-1.782108,-0.078010,-1.798577,2.086461,2.005662,0.000000,-2.010817,-1.890849,-0.196018,0.716657,-0.537068,0.154343,-1.913539,2.005662,0.000000
157,-3.032982,-0.023059,-0.810078,-1.991202,-1.767037,-1.898965,-1.859274,-1.991202,-1.765421,-0.059327,-1.859274,2.065964,2.046118,0.000000,-1.997075,-1.887651,-0.125631,0.687080,-0.505200,0.149374,-1.934036,2.046118,0.000000
158,-3.025816,-0.037067,-0.808277,-2.005306,-1.753775,-1.857039,-1.902041,-2.005306,-1.753458,-0.047293,-1.902041,2.051632,2.074133,0.000000,-1.985069,-1.887446,-0.072770,0.670142,-0.479670,0.153249,-1.948368,2.074133,0.000000
159,-3.020525,-0.054739,-0.801047,-2.031445,-1.730390,-1.812488,-1.949347,-2.031445,-1.730390,-0.034454,-1.949347,2.041049,2.109478,0.000000,-1.958951,-1.890522,0.000000,0.649139,-0.454352,0.149928,-1.958951,2.109478,0.000000
160,-3.018386,-0.066592,-0.805416,-2.052228,-1.712317,-1.785859,-1.978686,-2.052228,-1.712317,-0.028565,-1.978686,2.036771,2.133184,0.000000,-1.963229,-1.866816,0.000000,0.651148,-0.424578,0.175402,-1.963229,2.133184,0.000000
161,-3.016009,-0.084615,-0.798352,-2.086165,-1.683667,-1.747704,-2.022128,-2.086165,-1.683667,-0.018373,-2.022128,2.032019,2.169230,0.000000,-1.967981,-1.830770,0.000000,0.636243,-0.398356,0.177674,-1.967981,2.169230,0.000000
162,-3.019348,-0.096775,-0.811245,-2.119484,-1.654995,-1.732386,-2.042094,-2.119484,-1.654995,-0.018609,-2.042094,2.038695,2.193549,0.000000,-1.961305,-1.806451,0.000000,0.661503,-0.356161,0.234434,-1.961305,2.193549,0.000000
163,-3.018595,-0.124339,-0.799338,-2.179173,-1.607439,-1.681818,-2.104794,-2.179173,-1.607439,-0.006013,-2.104794,2.037190,2.248678,0.000000,-1.962810,-1.751322,0.000000,0.642826,-0.317534,0.239460,-1.962810,2.248678,0.000000
164,-3.023754,-0.145215,-0.832901,-2.237088,-1.561215,-1.656230,-2.142073,-2.237088,-1.561215,-0.013918,-2.142073,2.047507,2.290429,0.000000,-1.952493,-1.709571,0.000000,0.702043,-0.229799,0.364838,-1.952493,2.290429,0.000000
165,-3.020936,-0.195704,-0.824264,-2.349519,-1.482958,-1.566701,-2.265776,-2.349519,-1.482958,0.000712,-2.265776,2.041872,2.391409,0.000000,-1.958128,-1.608591,0.000000,0.683677,-0.140494,0.406443,-1.958128,2.391409,0.000000
166,-2.996088,-0.247295,-0.881186,-2.425437,-1.451904,-1.436255,-2.441085,-2.425437,-1.451904,-0.007346,-2.441085,1.992176,2.494591,0.000000,-2.007824,-1.505409,0.000000,0.719702,0.037578,0.579155,-2.007824,2.494591,0.000000
167,-2.956001,-0.344521,-0.906601,-2.599175,-1.397087,-1.221090,-2.775172,-2.599175,-1.397087,-0.010218,-2.775172,1.912001,2.689043,0.000000,-2.087999,-1.310957,0.000000,0.679149,0.263868,0.697426,-2.087999,2.689043,0.000000
168,-2.876451,-0.474701,-0.950533,-2.820408,-1.415802,-0.921606,-3.314604,-2.820408,-1.415802,-0.043789,-3.314604,1.752902,2.949401,0.000000,-2.247098,-1.050599,0.000000,0.664700,0.472839,0.763587,-2.247098,2.949401,0.000000
169,-2.785002,-0.634842,-0.989072,-3.166437,-1.487061,-0.627068,-4.026430,-3.166437,-1.487061,-0.084743,-4.026430,1.570003,3.269685,0.000000,-2.429997,-0.730315,0.000000,0.760726,0.500270,0.670498,-2.429997,3.269685,0.000000
170,-2.683481,-0.800344,-1.023176,-3.585886,-1.650584,-0.384509,-4.851961,-3.585886,-1.650584,-0.107498,-4.851961,1.366963,3.600689,0.000000,-2.633037,-0.399311,0.000000,0.818900,0.499394,0.504825,-2.633037,3.600689,0.000000
171,-2.593873,-0.987980,-0.924108,-4.182248,-1.854838,-0.230330,-5.806756,-4.182248,-1.854838,-0.095325,-5.806756,1.187746,3.975959,0.000000,-2.812254,-0.024041,0.000000,0.744959,0.562438,0.342972,-2.812254,3.975959,0.000000
172,-2.525146,-1.152071,-0.876943,-4.784688,-2.075821,-0.176404,-6.684105,-4.784688,-2.075821,-0.128478,-6.684105,1.050291,4.304142,0.000000,-2.949709,0.304142,0.000000,0.770287,0.640752,0.219350,-2.949709,4.304142,0.000000
173,-2.475316,-1.259704,-0.815456,-5.209689,-2.269608,-0.170872,-7.308425,-5.209689,-2.269608,-0.152174,-7.308425,0.950632,4.519409,0.000000,-3.049368,0.519409,0.000000,0.762595,0.719104,0.143753,-3.049368,4.519409,0.000000
174,-2.409983,-1.366123,-0.744053,-5.644123,-2.539701,-0.179632,-8.004191,-5.644123,-2.539701,-0.176719,-8.004191,0.819966,4.732245,0.000000,-3.180034,0.732245,0.000000,0.737500,0.808159,0.061315,-3.180034,4.732245,0.000000
175,-2.335087,-1.481439,-0.575292,-6.147323,-2.881219,-0.221567,-8.806975,-6.147323,-2.881219,-0.221443,-8.806975,0.670174,4.962878,0.000000,-3.329826,0.962878,0.000000,0.637613,0.983993,0.022751,-3.329826,4.962878,0.000000
176,-2.231459,-1.578346,-0.448089,-6.578939,-3.339722,-0.265557,-9.653105,-6.578939,-3.339722,-0.265557,-9.653105,0.462917,5.156691,0.000000,-3.537083,1.156691,0.000000,0.462917,1.156691,0.000000,-3.537083,5.156691,0.000000
177,-2.124061,-1.656587,-0.388354,-6.950343,-3.827754,-0.323997,-10.454101,-6.950343,-3.827754,-0.323997,-10.454101,0.248121,5.313173,0.000000,-3.751879,1.313173,0.000000,0.248121,1.313173,0.000000,-3.751879,5.313173,0.000000
178,-1.982451,-1.716965,-0.381037,-7.259708,-4.462044,-0.391847,-11.329904,-7.259708,-4.462044,-0.391847,-11.329904,-0.035098,5.433930,0.000000,-4.035098,1.433930,0.000000,-0.035098,1.433930,0.000000,-4.035098,5.433930,0.000000
179,-1.842859,-1.766870,-0.271907,-7.557765,-5.118848,-0.490284,-12.186330,-7.557765,-5.118848,-0.490284,-12.186330,-0.314282,5.533741,0.000000,-4.314282,1.533741,0.000000,-0.314282,1.533741,0.000000,-4.314282,5.533741,0.000000
180,-1.692040,-1.805782,-0.188323,-7.844750,-5.853461,-0.621623,-13.076588,-7.844750,-5.853461,-0.621623,-13.076588,-0.615919,5.611563,0.000000,-4.615919,1.611563,0.000000,-0.615919,1.611563,0.000000,-4.615919,5.611563,0.000000
181,-1.574422,-1.818647,-0.146225,-8.003385,-6.431111,-0.728799,-13.705697,-8.003385,-6.431111,-0.728799,-13.705697,-0.851156,5.637293,0.000000,-4.851156,1.637293,0.000000,-0.851156,1.637293,0.000000,-4.851156,5.637293,0.000000
182,-1.432584,-1.817902,-0.099268,-8.140031,-7.138089,-0.868424,-14.409696,-8.140031,-7.138089,-0.868424,-14.409696,-1.134832,5.635803,0.000000,-5.134832,1.635803,0.000000,-1.134832,1.635803,0.000000,-5.134832,5.635803,0.000000
183,-1.298719,-1.812880,-0.027093,-8.281589,-7.835194,-1.030069,-15.086714,-8.281589,-7.835194,-1.030069,-15.086714,-1.402562,5.625760,0.000000,-5.402562,1.625760,0.000000,-1.402562,1.625760,0.000000,-5.402562,5.625760,0.000000
184,-1.151899,-1.796499,0.036608,-8.417184,-8.623590,-1.231186,-15.809588,-8.417184,-8.623590,-1.231186,-15.809588,-1.696202,5.592999,0.000000,-5.696202,1.592999,0.000000,-1.696202,1.592999,0.000000,-5.696202,5.592999,0.000000
185,-1.031193,-1.773394,0.083459,-8.507801,-9.289453,-1.414225,-16.383029,-8.507801,-9.289453,-1.414225,-16.383029,-1.937614,5.546788,0.000000,-5.937614,1.546788,0.000000,-1.937614,1.546788,0.000000,-5.937614,5.546788,0.000000
186,-0.896258,-1.741049,0.155441,-8.609098,-10.059870,-1.644901,-17.024067,-8.609098,-10.059870,-1.644901,-17.024067,-2.207485,5.482098,0.000000,-6.207485,1.482098,0.000000,-2.207485,1.482098,0.000000,-6.207485,5.482098,0.000000
187,-0.783114,-1.707020,0.249247,-8.686269,-10.725735,-1.858190,-17.553815,-8.686269,-10.725735,-1.858190,-17.553815,-2.433773,5.414040,0.000000,-6.433773,1.414040,0.000000,-2.433773,1.414040,0.000000,-6.433773,5.414040,0.000000
188,-0.655676,-1.659106,0.341282,-8.755553,-11.496421,-2.119127,-18.132847,-8.755553,-11.496421,-2.119127,-18.132847,-2.688647,5.318213,0.000000,-6.688647,1.318213,0.000000,-2.688647,1.318213,0.000000,-6.688647,5.318213,0.000000
189,-0.550315,-1.611073,0.451925,-8.796789,-12.151238,-2.352497,-18.595530,-8.796789,-12.151238,-2.352497,-18.595530,-2.899371,5.222146,0.000000,-6.899371,1.222146,0.000000,-2.899371,1.222146,0.000000,-6.899371,5.222146,0.000000
190,-0.431274,-1.541216,0.507466,-8.796183,-12.906223,-2.631317,-19.071089,-8.796183,-12.906223,-2.631317,-19.071089,-3.137453,5.082433,0.000000,-7.137453,1.082433,0.000000,-3.137453,1.082433,0.000000,-7.137453,5.082433,0.000000
191,-0.327253,-1.474513,0.616954,-8.798799,-13.591735,-2.900746,-19.489787,-8.794208,-13.591735,-2.900746,-19.489787,-3.455591,4.870933,0.403065,-7.345494,0.949026,0.000000,-3.345494,0.949026,0.000000,-7.345494,4.949026,0.000000
192,-0.199715,-1.365908,0.687707,-8.716046,-14.453556,-3.252415,-19.917186,-8.703803,-14.453556,-3.252415,-19.917186,-3.771062,4.591758,0.655511,-7.600570,0.731815,0.000000,-3.600570,0.731815,0.000000,-7.600570,4.731815,0.000000
193,-0.080654,-1.233061,0.803837,-8.547949,-15.293090,-3.615706,-20.225333,-8.471811,-15.293090,-3.615706,-20.225333,-4.221648,4.068776,1.617806,-7.838692,0.466121,0.000000,-3.838692,0.466121,0.000000,-7.838692,4.466121,0.000000
194,0.023401,-1.085601,0.904457,-8.321383,-16.072581,-3.978978,-20.414986,-8.170233,-16.072581,-3.978978,-20.414986,-4.527421,3.559970,2.239148,-8.046801,0.171203,0.000000,-4.046801,0.171203,0.000000,-8.046801,4.171203,0.000000
195,0.104813,-0.958037,0.992715,-8.141650,-16.728755,-4.309501,-20.560904,-7.901773,-16.728755,-4.309501,-20.560904,-4.744867,3.095695,2.774767,-8.209627,-0.083925,0.000000,-4.209627,-0.083925,0.000000,-8.209627,3.916075,0.000000
196,0.176421,-0.822586,1.067589,-7.936128,-17.351464,-4.645782,-20.641810,-7.636802,-17.351464,-4.645782,-20.641810,-4.880512,2.686598,3.047987,-8.352841,-0.354827,0.000000,-4.352841,-0.354827,0.000000,-8.352841,3.645173,0.000000
197,0.219941,-0.712612,1.148456,-7.738675,-17.767990,-4.888228,-20.618438,-7.313333,-17.767990,-4.888228,-20.618438,-4.974535,2.235472,3.556831,-8.439881,-0.574776,0.000000,-4.439881,-0.574776,0.000000,-8.439881,3.425224,0.000000
198,0.256806,-0.585967,1.228862,-7.485963,-18.169321,-5.142097,-20.513187,-6.942172,-18.169321,-5.142097,-20.508659,-5.008138,1.782481,3.920026,-8.513612,-0.828067,0.000000,-4.513612,-0.828067,0.000000,-8.558600,3.045533,0.609409
199,0.281353,-0.472913,1.323774,-7.251543,-18.485303,-5.359892,-20.376955,-6.494012,-18.485303,-5.359892,-20.231538,-4.988203,1.258501,4.476105,-8.562706,-1.054174,0.000000,-4.562706,-1.054174,0.000000,-8.749192,2.206307,3.440819
200,0.297620,-0.345304,1.410330,-6.966400,-18.775661,-5.585182,-20.156878,-6.043130,-18.775661,-5.585182,-19.745545,-4.900705,0.803365,4.747114,-8.595239,-1.309391,0.000000,-4.595239,-1.309391,0.000000,-8.800188,1.424384,5.717469
201,0.305934,-0.233166,1.508148,-6.715530,-19.006601,-5.782866,-19.939266,-5.542771,-19.006601,-5.782866,-19.015508,-4.737082,0.470256,4.757230,-8.611868,-1.533668,0.000000,-4.611868,-1.533668,0.000000,-8.731589,0.557820,8.365564
